rpe,reps,peripheral,central
0.0,1,0.13,0.05
0.0,2,0.24,0.07
0.0,3,0.32,0.09
0.0,4,0.37,0.09
0.0,5,0.42,0.09
0.0,6,0.45,0.09
0.0,7,0.48,0.09
0.0,8,0.49,0.09
0.0,9,0.51,0.09
0.0,10,0.51,0.08
0.0,11,0.52,0.08
0.0,12,0.52,0.08
0.5,1,0.13,0.05
0.5,2,0.24,0.07
0.5,3,0.32,0.09
0.5,4,0.37,0.09
0.5,5,0.42,0.09
0.5,6,0.45,0.09
0.5,7,0.48,0.09
0.5,8,0.49,0.09
0.5,9,0.51,0.09
0.5,10,0.51,0.08
0.5,11,0.52,0.08
0.5,12,0.52,0.08
1.0,1,0.14,0.05
1.0,2,0.24,0.09
1.0,3,0.32,0.10
1.0,4,0.38,0.11
1.0,5,0.42,0.10
1.0,6,0.46,0.10
1.0,7,0.48,0.10
1.0,8,0.50,0.10
1.0,9,0.51,0.09
1.0,10,0.52,0.09
1.0,11,0.52,0.09
1.0,12,0.53,0.08
1.5,1,0.14,0.06
1.5,2,0.24,0.10
1.5,3,0.32,0.11
1.5,4,0.38,0.12
1.5,5,0.43,0.12
1.5,6,0.46,0.11
1.5,7,0.48,0.11
1.5,8,0.50,0.10
1.5,9,0.51,0.10
1.5,10,0.52,0.10
1.5,11,0.53,0.09
1.5,12,0.53,0.09
2.0,1,0.14,0.07
2.0,2,0.25,0.11
2.0,3,0.33,0.13
2.0,4,0.39,0.13
2.0,5,0.43,0.13
2.0,6,0.47,0.13
2.0,7,0.49,0.12
2.0,8,0.51,0.11
2.0,9,0.52,0.11
2.0,10,0.53,0.10
2.0,11,0.53,0.10
2.0,12,0.53,0.09
2.5,1,0.14,0.09
2.5,2,0.25,0.13
2.5,3,0.33,0.15
2.5,4,0.39,0.15
2.5,5,0.44,0.15
2.5,6,0.47,0.14
2.5,7,0.49,0.13
2.5,8,0.51,0.13
2.5,9,0.52,0.12
2.5,10,0.53,0.11
2.5,11,0.54,0.10
2.5,12,0.54,0.10
3.0,1,0.14,0.11
3.0,2,0.25,0.15
3.0,3,0.33,0.16
3.0,4,0.40,0.17
3.0,5,0.44,0.17
3.0,6,0.48,0.16
3.0,7,0.50,0.15
3.0,8,0.52,0.14
3.0,9,0.53,0.13
3.0,10,0.54,0.12
3.0,11,0.54,0.11
3.0,12,0.54,0.11
3.5,1,0.15,0.13
3.5,2,0.26,0.18
3.5,3,0.34,0.19
3.5,4,0.40,0.19
3.5,5,0.45,0.19
3.5,6,0.48,0.18
3.5,7,0.50,0.16
3.5,8,0.52,0.15
3.5,9,0.53,0.14
3.5,10,0.54,0.13
3.5,11,0.54,0.12
3.5,12,0.55,0.11
4.0,1,0.15,0.15
4.0,2,0.26,0.21
4.0,3,0.34,0.22
4.0,4,0.41,0.21
4.0,5,0.45,0.21
4.0,6,0.49,0.20
4.0,7,0.51,0.18
4.0,8,0.53,0.17
4.0,9,0.54,0.16
4.0,10,0.55,0.14
4.0,11,0.55,0.13
4.0,12,0.55,0.12
4.5,1,0.15,0.19
4.5,2,0.26,0.25
4.5,3,0.35,0.27
4.5,4,0.41,0.25
4.5,5,0.46,0.24
4.5,6,0.49,0.22
4.5,7,0.52,0.21
4.5,8,0.53,0.19
4.5,9,0.54,0.17
4.5,10,0.55,0.16
4.5,11,0.55,0.14
4.5,12,0.56,0.13
5.0,1,0.15,0.23
5.0,2,0.27,0.31
5.0,3,0.35,0.32
5.0,4,0.42,0.30
5.0,5,0.46,0.27
5.0,6,0.50,0.26
5.0,7,0.52,0.23
5.0,8,0.54,0.21
5.0,9,0.55,0.19
5.0,10,0.56,0.17
5.0,11,0.56,0.16
5.0,12,0.56,0.14
5.5,1,0.17,0.27
5.5,2,0.30,0.37
5.5,3,0.40,0.38
5.5,4,0.47,0.36
5.5,5,0.52,0.32
5.5,6,0.56,0.29
5.5,7,0.59,0.26
5.5,8,0.61,0.24
5.5,9,0.62,0.21
5.5,10,0.63,0.19
5.5,11,0.63,0.17
5.5,12,0.63,0.16
6.0,1,0.20,0.33
6.0,2,0.34,0.45
6.0,3,0.45,0.46
6.0,4,0.53,0.42
6.0,5,0.59,0.37
6.0,6,0.63,0.32
6.0,7,0.66,0.30
6.0,8,0.68,0.27
6.0,9,0.70,0.24
6.0,10,0.70,0.21
6.0,11,0.71,0.19
6.0,12,0.71,0.17
6.5,1,0.22,0.41
6.5,2,0.39,0.54
6.5,3,0.51,0.56
6.5,4,0.60,0.51
6.5,5,0.67,0.44
6.5,6,0.71,0.38
6.5,7,0.75,0.34
6.5,8,0.77,0.30
6.5,9,0.78,0.27
6.5,10,0.79,0.23
6.5,11,0.79,0.21
6.5,12,0.80,0.19
7.0,1,0.25,0.51
7.0,2,0.44,0.66
7.0,3,0.58,0.68
7.0,4,0.68,0.61
7.0,5,0.76,0.53
7.0,6,0.81,0.45
7.0,7,0.84,0.37
7.0,8,0.87,0.34
7.0,9,0.88,0.30
7.0,10,0.89,0.26
7.0,11,0.89,0.23
7.0,12,0.89,0.21
7.5,1,0.29,0.63
7.5,2,0.50,0.82
7.5,3,0.66,0.82
7.5,4,0.77,0.74
7.5,5,0.85,0.63
7.5,6,0.91,0.53
7.5,7,0.95,0.44
7.5,8,0.98,0.39
7.5,9,0.99,0.34
7.5,10,1.00,0.30
7.5,11,1.01,0.26
7.5,12,1.01,0.23
8.0,1,0.32,0.79
8.0,2,0.56,1.01
8.0,3,0.74,0.99
8.0,4,0.87,0.90
8.0,5,0.97,0.77
8.0,6,1.03,0.64
8.0,7,1.07,0.52
8.0,8,1.10,0.43
8.0,9,1.12,0.38
8.0,10,1.13,0.33
8.0,11,1.13,0.29
8.0,12,1.13,0.25
8.5,1,0.37,1.00
8.5,2,0.64,1.26
8.5,3,0.84,1.23
8.5,4,0.99,1.09
8.5,5,1.09,0.93
8.5,6,1.17,0.76
8.5,7,1.21,0.62
8.5,8,1.24,0.51
8.5,9,1.26,0.44
8.5,10,1.27,0.37
8.5,11,1.28,0.32
8.5,12,1.27,0.28
9.0,1,0.41,1.28
9.0,2,0.72,1.58
9.0,3,0.95,1.52
9.0,4,1.12,1.32
9.0,5,1.24,1.13
9.0,6,1.32,0.92
9.0,7,1.37,0.74
9.0,8,1.40,0.60
9.0,9,1.42,0.48
9.0,10,1.44,0.43
9.0,11,1.44,0.36
9.0,12,1.43,0.32
9.5,1,0.47,1.79
9.5,2,0.82,1.99
9.5,3,1.08,1.89
9.5,4,1.27,1.65
9.5,5,1.40,1.36
9.5,6,1.49,1.12
9.5,7,1.55,0.89
9.5,8,1.59,0.71
9.5,9,1.61,0.57
9.5,10,1.62,0.49
9.5,11,1.62,0.41
9.5,12,1.61,0.35
10.0,1,0.54,2.48
10.0,2,0.93,2.56
10.0,3,1.22,2.36
10.0,4,1.43,2.02
10.0,5,1.58,1.65
10.0,6,1.69,1.35
10.0,7,1.76,1.07
10.0,8,1.80,0.85
10.0,9,1.81,0.67
10.0,10,1.82,0.53
10.0,11,1.83,0.47
10.0,12,1.82,0.40
